id,moreConnectionWithFamilyCloseFriendsOrRelatives,healthIssueDuringLockdown,,Does The Connection With Others Affect The Health Issue?,,,,,,
R1,TRUE,FALSE,,No,,,,,,
R2,FALSE,FALSE,,Yes,,,,,,
R3,TRUE,FALSE,,No,,,,Yes,No,Total Pop
R4,FALSE,FALSE,,Yes,,,,388,794,1182
R5,FALSE,FALSE,,Yes,,,,,,
R6,TRUE,TRUE,,Yes,,,,,,
R7,TRUE,FALSE,,No,,,,,,
R8,TRUE,TRUE,,Yes,,,,,,
R9,FALSE,FALSE,,Yes,,,,,,
R10,FALSE,TRUE,,No,,,,,,
R11,FALSE,FALSE,,Yes,,,,,,
R12,TRUE,TRUE,,Yes,,,,,,
R13,FALSE,TRUE,,No,,,,,,
R14,TRUE,FALSE,,No,,,,,,
R15,FALSE,FALSE,,Yes,,,,,,
R16,TRUE,FALSE,,No,,,,,,
R17,TRUE,FALSE,,No,,,,,,
R18,FALSE,FALSE,,Yes,,,,,,
R19,FALSE,FALSE,,Yes,,,,,,
R20,TRUE,FALSE,,No,,,,,,
R21,TRUE,FALSE,,No,,,,,,
R22,FALSE,FALSE,,Yes,,,,,,
R23,TRUE,FALSE,,No,,,,,,
R24,TRUE,FALSE,,No,,,,,,
R25,FALSE,FALSE,,Yes,,,,,,
R26,TRUE,FALSE,,No,,,,,,
R27,TRUE,TRUE,,Yes,,,,,,
R28,FALSE,FALSE,,Yes,,,,,,
R29,TRUE,FALSE,,No,,,,,,
R30,FALSE,FALSE,,Yes,,,,,,
R31,TRUE,TRUE,,Yes,,,,,,
R32,TRUE,FALSE,,No,,,,,,
R33,FALSE,FALSE,,Yes,,,,,,
R34,TRUE,TRUE,,Yes,,,,,,
R35,FALSE,FALSE,,Yes,,,,,,
R36,TRUE,FALSE,,No,,,,,,
R37,TRUE,FALSE,,No,,,,,,
R38,TRUE,FALSE,,No,,,,,,
R39,TRUE,FALSE,,No,,,,,,
R40,TRUE,FALSE,,No,,,,,,
R41,TRUE,FALSE,,No,,,,,,
R42,FALSE,FALSE,,Yes,,,,,,
R43,FALSE,TRUE,,No,,,,,,
R44,FALSE,FALSE,,Yes,,,,,,
R45,FALSE,FALSE,,Yes,,,,,,
R46,TRUE,FALSE,,No,,,,,,
R47,FALSE,FALSE,,Yes,,,,,,
R48,FALSE,TRUE,,No,,,,,,
R49,TRUE,FALSE,,No,,,,,,
R50,TRUE,FALSE,,No,,,,,,
R51,TRUE,TRUE,,Yes,,,,,,
R52,TRUE,FALSE,,No,,,,,,
R53,FALSE,FALSE,,Yes,,,,,,
R54,TRUE,FALSE,,No,,,,,,
R55,TRUE,FALSE,,No,,,,,,
R56,TRUE,TRUE,,Yes,,,,,,
R57,TRUE,FALSE,,No,,,,,,
R58,TRUE,FALSE,,No,,,,,,
R59,TRUE,TRUE,,Yes,,,,,,
R60,FALSE,FALSE,,Yes,,,,,,
R61,FALSE,FALSE,,Yes,,,,,,
R62,TRUE,FALSE,,No,,,,,,
R63,TRUE,FALSE,,No,,,,,,
R64,TRUE,FALSE,,No,,,,,,
R65,TRUE,FALSE,,No,,,,,,
R66,TRUE,FALSE,,No,,,,,,
R67,TRUE,FALSE,,No,,,,,,
R68,TRUE,FALSE,,No,,,,,,
R69,TRUE,TRUE,,Yes,,,,,,
R70,TRUE,FALSE,,No,,,,,,
R71,FALSE,FALSE,,Yes,,,,,,
R72,FALSE,FALSE,,Yes,,,,,,
R73,FALSE,FALSE,,Yes,,,,,,
R74,TRUE,FALSE,,No,,,,,,
R75,TRUE,FALSE,,No,,,,,,
R76,FALSE,TRUE,,No,,,,,,
R77,TRUE,FALSE,,No,,,,,,
R78,FALSE,FALSE,,Yes,,,,,,
R79,TRUE,FALSE,,No,,,,,,
R80,TRUE,FALSE,,No,,,,,,
R81,TRUE,TRUE,,Yes,,,,,,
R82,FALSE,FALSE,,Yes,,,,,,
R83,TRUE,FALSE,,No,,,,,,
R84,TRUE,FALSE,,No,,,,,,
R85,TRUE,FALSE,,No,,,,,,
R86,TRUE,FALSE,,No,,,,,,
R87,TRUE,TRUE,,Yes,,,,,,
R88,FALSE,FALSE,,Yes,,,,,,
R89,FALSE,TRUE,,No,,,,,,
R90,TRUE,FALSE,,No,,,,,,
R91,FALSE,TRUE,,No,,,,,,
R92,TRUE,FALSE,,No,,,,,,
R93,FALSE,TRUE,,No,,,,,,
R94,TRUE,FALSE,,No,,,,,,
R95,TRUE,FALSE,,No,,,,,,
R96,TRUE,FALSE,,No,,,,,,
R97,TRUE,FALSE,,No,,,,,,
R98,TRUE,FALSE,,No,,,,,,
R99,TRUE,TRUE,,Yes,,,,,,
R100,FALSE,FALSE,,Yes,,,,,,
R101,TRUE,FALSE,,No,,,,,,
R102,TRUE,FALSE,,No,,,,,,
R103,FALSE,TRUE,,No,,,,,,
R104,FALSE,FALSE,,Yes,,,,,,
R105,TRUE,FALSE,,No,,,,,,
R106,FALSE,FALSE,,Yes,,,,,,
R107,FALSE,FALSE,,Yes,,,,,,
R108,FALSE,FALSE,,Yes,,,,,,
R109,TRUE,FALSE,,No,,,,,,
R110,FALSE,FALSE,,Yes,,,,,,
R111,TRUE,FALSE,,No,,,,,,
R112,TRUE,TRUE,,Yes,,,,,,
R113,TRUE,FALSE,,No,,,,,,
R114,FALSE,FALSE,,Yes,,,,,,
R115,TRUE,FALSE,,No,,,,,,
R116,FALSE,FALSE,,Yes,,,,,,
R117,TRUE,FALSE,,No,,,,,,
R118,TRUE,FALSE,,No,,,,,,
R119,TRUE,FALSE,,No,,,,,,
R120,TRUE,FALSE,,No,,,,,,
R121,TRUE,FALSE,,No,,,,,,
R122,TRUE,FALSE,,No,,,,,,
R123,TRUE,FALSE,,No,,,,,,
R124,FALSE,FALSE,,Yes,,,,,,
R125,FALSE,TRUE,,No,,,,,,
R126,TRUE,FALSE,,No,,,,,,
R127,TRUE,FALSE,,No,,,,,,
R128,FALSE,FALSE,,Yes,,,,,,
R129,TRUE,FALSE,,No,,,,,,
R130,TRUE,FALSE,,No,,,,,,
R131,TRUE,FALSE,,No,,,,,,
R132,TRUE,FALSE,,No,,,,,,
R133,TRUE,FALSE,,No,,,,,,
R134,TRUE,FALSE,,No,,,,,,
R135,TRUE,FALSE,,No,,,,,,
R136,TRUE,FALSE,,No,,,,,,
R137,TRUE,FALSE,,No,,,,,,
R138,TRUE,FALSE,,No,,,,,,
R139,TRUE,FALSE,,No,,,,,,
R140,TRUE,FALSE,,No,,,,,,
R141,TRUE,TRUE,,Yes,,,,,,
R142,TRUE,FALSE,,No,,,,,,
R143,TRUE,FALSE,,No,,,,,,
R144,TRUE,FALSE,,No,,,,,,
R145,TRUE,FALSE,,No,,,,,,
R146,FALSE,FALSE,,Yes,,,,,,
R147,TRUE,TRUE,,Yes,,,,,,
R148,FALSE,FALSE,,Yes,,,,,,
R149,TRUE,TRUE,,Yes,,,,,,
R150,TRUE,FALSE,,No,,,,,,
R151,FALSE,FALSE,,Yes,,,,,,
R152,TRUE,FALSE,,No,,,,,,
R153,TRUE,FALSE,,No,,,,,,
R154,FALSE,FALSE,,Yes,,,,,,
R155,TRUE,TRUE,,Yes,,,,,,
R156,TRUE,TRUE,,Yes,,,,,,
R157,TRUE,FALSE,,No,,,,,,
R158,FALSE,FALSE,,Yes,,,,,,
R159,TRUE,FALSE,,No,,,,,,
R160,TRUE,TRUE,,Yes,,,,,,
R161,FALSE,FALSE,,Yes,,,,,,
R162,TRUE,TRUE,,Yes,,,,,,
R163,TRUE,FALSE,,No,,,,,,
R164,TRUE,TRUE,,Yes,,,,,,
R165,FALSE,TRUE,,No,,,,,,
R166,FALSE,FALSE,,Yes,,,,,,
R167,FALSE,FALSE,,Yes,,,,,,
R168,TRUE,FALSE,,No,,,,,,
R169,FALSE,FALSE,,Yes,,,,,,
R170,TRUE,FALSE,,No,,,,,,
R171,TRUE,TRUE,,Yes,,,,,,
R172,TRUE,TRUE,,Yes,,,,,,
R173,TRUE,FALSE,,No,,,,,,
R174,TRUE,FALSE,,No,,,,,,
R175,TRUE,FALSE,,No,,,,,,
R176,TRUE,TRUE,,Yes,,,,,,
R177,TRUE,FALSE,,No,,,,,,
R178,TRUE,FALSE,,No,,,,,,
R179,TRUE,FALSE,,No,,,,,,
R180,TRUE,FALSE,,No,,,,,,
R181,FALSE,FALSE,,Yes,,,,,,
R182,TRUE,FALSE,,No,,,,,,
R183,TRUE,TRUE,,Yes,,,,,,
R184,TRUE,FALSE,,No,,,,,,
R185,FALSE,TRUE,,No,,,,,,
R186,TRUE,FALSE,,No,,,,,,
R187,FALSE,TRUE,,No,,,,,,
R188,TRUE,FALSE,,No,,,,,,
R189,TRUE,FALSE,,No,,,,,,
R190,TRUE,FALSE,,No,,,,,,
R191,TRUE,FALSE,,No,,,,,,
R192,TRUE,FALSE,,No,,,,,,
R193,FALSE,TRUE,,No,,,,,,
R194,TRUE,FALSE,,No,,,,,,
R195,TRUE,FALSE,,No,,,,,,
R196,FALSE,TRUE,,No,,,,,,
R197,TRUE,FALSE,,No,,,,,,
R198,TRUE,FALSE,,No,,,,,,
R199,FALSE,FALSE,,Yes,,,,,,
R200,FALSE,FALSE,,Yes,,,,,,
R201,TRUE,FALSE,,No,,,,,,
R202,TRUE,FALSE,,No,,,,,,
R203,TRUE,FALSE,,No,,,,,,
R204,TRUE,FALSE,,No,,,,,,
R205,FALSE,FALSE,,Yes,,,,,,
R206,TRUE,FALSE,,No,,,,,,
R207,TRUE,FALSE,,No,,,,,,
R208,FALSE,FALSE,,Yes,,,,,,
R209,TRUE,FALSE,,No,,,,,,
R210,FALSE,FALSE,,Yes,,,,,,
R211,TRUE,FALSE,,No,,,,,,
R212,FALSE,FALSE,,Yes,,,,,,
R214,FALSE,FALSE,,Yes,,,,,,
R215,FALSE,FALSE,,Yes,,,,,,
R216,TRUE,TRUE,,Yes,,,,,,
R217,TRUE,FALSE,,No,,,,,,
R218,FALSE,FALSE,,Yes,,,,,,
R219,FALSE,FALSE,,Yes,,,,,,
R220,FALSE,TRUE,,No,,,,,,
R221,TRUE,FALSE,,No,,,,,,
R222,FALSE,FALSE,,Yes,,,,,,
R223,FALSE,FALSE,,Yes,,,,,,
R224,TRUE,FALSE,,No,,,,,,
R225,TRUE,TRUE,,Yes,,,,,,
R226,TRUE,FALSE,,No,,,,,,
R227,TRUE,TRUE,,Yes,,,,,,
R228,FALSE,FALSE,,Yes,,,,,,
R229,TRUE,FALSE,,No,,,,,,
R230,TRUE,FALSE,,No,,,,,,
R231,FALSE,FALSE,,Yes,,,,,,
R232,FALSE,FALSE,,Yes,,,,,,
R233,TRUE,FALSE,,No,,,,,,
R234,TRUE,FALSE,,No,,,,,,
R235,TRUE,FALSE,,No,,,,,,
R236,TRUE,TRUE,,Yes,,,,,,
R237,TRUE,FALSE,,No,,,,,,
R238,TRUE,FALSE,,No,,,,,,
R239,TRUE,FALSE,,No,,,,,,
R240,FALSE,FALSE,,Yes,,,,,,
R241,TRUE,FALSE,,No,,,,,,
R242,TRUE,FALSE,,No,,,,,,
R243,TRUE,TRUE,,Yes,,,,,,
R244,TRUE,FALSE,,No,,,,,,
R245,TRUE,FALSE,,No,,,,,,
R246,TRUE,FALSE,,No,,,,,,
R247,FALSE,FALSE,,Yes,,,,,,
R249,TRUE,FALSE,,No,,,,,,
R250,FALSE,FALSE,,Yes,,,,,,
R251,TRUE,FALSE,,No,,,,,,
R252,TRUE,FALSE,,No,,,,,,
R253,TRUE,FALSE,,No,,,,,,
R254,FALSE,FALSE,,Yes,,,,,,
R255,TRUE,FALSE,,No,,,,,,
R256,TRUE,FALSE,,No,,,,,,
R257,TRUE,FALSE,,No,,,,,,
R258,FALSE,FALSE,,Yes,,,,,,
R259,TRUE,FALSE,,No,,,,,,
R260,FALSE,FALSE,,Yes,,,,,,
R261,TRUE,FALSE,,No,,,,,,
R262,TRUE,TRUE,,Yes,,,,,,
R263,FALSE,FALSE,,Yes,,,,,,
R264,FALSE,TRUE,,No,,,,,,
R265,TRUE,FALSE,,No,,,,,,
R266,TRUE,FALSE,,No,,,,,,
R267,FALSE,FALSE,,Yes,,,,,,
R268,TRUE,FALSE,,No,,,,,,
R269,TRUE,FALSE,,No,,,,,,
R270,TRUE,FALSE,,No,,,,,,
R271,TRUE,FALSE,,No,,,,,,
R272,FALSE,FALSE,,Yes,,,,,,
R273,TRUE,FALSE,,No,,,,,,
R274,TRUE,FALSE,,No,,,,,,
R275,TRUE,TRUE,,Yes,,,,,,
R276,TRUE,TRUE,,Yes,,,,,,
R278,TRUE,FALSE,,No,,,,,,
R279,TRUE,FALSE,,No,,,,,,
R280,TRUE,FALSE,,No,,,,,,
R281,TRUE,FALSE,,No,,,,,,
R282,FALSE,FALSE,,Yes,,,,,,
R283,FALSE,FALSE,,Yes,,,,,,
R285,FALSE,FALSE,,Yes,,,,,,
R286,TRUE,FALSE,,No,,,,,,
R287,TRUE,FALSE,,No,,,,,,
R288,FALSE,FALSE,,Yes,,,,,,
R289,FALSE,FALSE,,Yes,,,,,,
R290,FALSE,FALSE,,Yes,,,,,,
R291,TRUE,FALSE,,No,,,,,,
R292,TRUE,FALSE,,No,,,,,,
R293,FALSE,FALSE,,Yes,,,,,,
R294,FALSE,FALSE,,Yes,,,,,,
R295,TRUE,FALSE,,No,,,,,,
R296,FALSE,FALSE,,Yes,,,,,,
R297,TRUE,TRUE,,Yes,,,,,,
R298,TRUE,FALSE,,No,,,,,,
R299,TRUE,FALSE,,No,,,,,,
R301,FALSE,FALSE,,Yes,,,,,,
R302,TRUE,FALSE,,No,,,,,,
R303,TRUE,FALSE,,No,,,,,,
R304,FALSE,FALSE,,Yes,,,,,,
R305,TRUE,FALSE,,No,,,,,,
R306,TRUE,FALSE,,No,,,,,,
R307,FALSE,FALSE,,Yes,,,,,,
R308,FALSE,FALSE,,Yes,,,,,,
R309,TRUE,FALSE,,No,,,,,,
R310,TRUE,FALSE,,No,,,,,,
R311,FALSE,TRUE,,No,,,,,,
R312,FALSE,FALSE,,Yes,,,,,,
R313,TRUE,FALSE,,No,,,,,,
R314,FALSE,FALSE,,Yes,,,,,,
R315,FALSE,TRUE,,No,,,,,,
R316,FALSE,TRUE,,No,,,,,,
R317,FALSE,FALSE,,Yes,,,,,,
R318,TRUE,FALSE,,No,,,,,,
R320,FALSE,FALSE,,Yes,,,,,,
R321,TRUE,FALSE,,No,,,,,,
R322,FALSE,FALSE,,Yes,,,,,,
R323,TRUE,FALSE,,No,,,,,,
R324,FALSE,FALSE,,Yes,,,,,,
R325,FALSE,FALSE,,Yes,,,,,,
R326,TRUE,FALSE,,No,,,,,,
R327,TRUE,FALSE,,No,,,,,,
R328,TRUE,FALSE,,No,,,,,,
R329,FALSE,FALSE,,Yes,,,,,,
R330,FALSE,FALSE,,Yes,,,,,,
R331,TRUE,FALSE,,No,,,,,,
R332,TRUE,FALSE,,No,,,,,,
R333,FALSE,TRUE,,No,,,,,,
R334,FALSE,FALSE,,Yes,,,,,,
R335,FALSE,FALSE,,Yes,,,,,,
R336,TRUE,TRUE,,Yes,,,,,,
R337,TRUE,FALSE,,No,,,,,,
R338,FALSE,TRUE,,No,,,,,,
R339,FALSE,FALSE,,Yes,,,,,,
R340,TRUE,FALSE,,No,,,,,,
R341,FALSE,FALSE,,Yes,,,,,,
R342,TRUE,FALSE,,No,,,,,,
R343,TRUE,FALSE,,No,,,,,,
R344,TRUE,FALSE,,No,,,,,,
R345,TRUE,FALSE,,No,,,,,,
R346,TRUE,FALSE,,No,,,,,,
R347,TRUE,FALSE,,No,,,,,,
R348,TRUE,FALSE,,No,,,,,,
R349,TRUE,FALSE,,No,,,,,,
R350,FALSE,FALSE,,Yes,,,,,,
R351,TRUE,FALSE,,No,,,,,,
R352,TRUE,FALSE,,No,,,,,,
R353,TRUE,FALSE,,No,,,,,,
R354,TRUE,FALSE,,No,,,,,,
R355,TRUE,FALSE,,No,,,,,,
R356,TRUE,FALSE,,No,,,,,,
R357,TRUE,TRUE,,Yes,,,,,,
R358,TRUE,FALSE,,No,,,,,,
R359,TRUE,FALSE,,No,,,,,,
R360,TRUE,FALSE,,No,,,,,,
R361,TRUE,FALSE,,No,,,,,,
R362,FALSE,FALSE,,Yes,,,,,,
R363,TRUE,FALSE,,No,,,,,,
R364,FALSE,FALSE,,Yes,,,,,,
R365,TRUE,FALSE,,No,,,,,,
R366,FALSE,FALSE,,Yes,,,,,,
R367,TRUE,FALSE,,No,,,,,,
R368,TRUE,FALSE,,No,,,,,,
R369,FALSE,TRUE,,No,,,,,,
R370,TRUE,FALSE,,No,,,,,,
R371,TRUE,FALSE,,No,,,,,,
R372,FALSE,FALSE,,Yes,,,,,,
R373,TRUE,FALSE,,No,,,,,,
R374,FALSE,FALSE,,Yes,,,,,,
R375,TRUE,TRUE,,Yes,,,,,,
R376,TRUE,FALSE,,No,,,,,,
R377,TRUE,FALSE,,No,,,,,,
R378,TRUE,TRUE,,Yes,,,,,,
R379,TRUE,FALSE,,No,,,,,,
R380,TRUE,FALSE,,No,,,,,,
R381,TRUE,FALSE,,No,,,,,,
R382,TRUE,TRUE,,Yes,,,,,,
R383,TRUE,FALSE,,No,,,,,,
R384,TRUE,FALSE,,No,,,,,,
R385,FALSE,FALSE,,Yes,,,,,,
R386,TRUE,FALSE,,No,,,,,,
R387,FALSE,FALSE,,Yes,,,,,,
R388,FALSE,FALSE,,Yes,,,,,,
R389,TRUE,FALSE,,No,,,,,,
R390,TRUE,FALSE,,No,,,,,,
R391,TRUE,FALSE,,No,,,,,,
R392,TRUE,FALSE,,No,,,,,,
R393,TRUE,FALSE,,No,,,,,,
R394,TRUE,FALSE,,No,,,,,,
R395,FALSE,FALSE,,Yes,,,,,,
R396,TRUE,FALSE,,No,,,,,,
R397,FALSE,FALSE,,Yes,,,,,,
R398,TRUE,FALSE,,No,,,,,,
R399,TRUE,FALSE,,No,,,,,,
R400,TRUE,FALSE,,No,,,,,,
R401,TRUE,FALSE,,No,,,,,,
R402,TRUE,FALSE,,No,,,,,,
R403,TRUE,TRUE,,Yes,,,,,,
R404,TRUE,FALSE,,No,,,,,,
R405,TRUE,FALSE,,No,,,,,,
R406,TRUE,FALSE,,No,,,,,,
R407,TRUE,FALSE,,No,,,,,,
R408,TRUE,TRUE,,Yes,,,,,,
R409,TRUE,FALSE,,No,,,,,,
R410,TRUE,FALSE,,No,,,,,,
R411,TRUE,FALSE,,No,,,,,,
R412,FALSE,FALSE,,Yes,,,,,,
R413,TRUE,FALSE,,No,,,,,,
R414,TRUE,FALSE,,No,,,,,,
R415,TRUE,TRUE,,Yes,,,,,,
R416,TRUE,FALSE,,No,,,,,,
R417,FALSE,FALSE,,Yes,,,,,,
R418,TRUE,FALSE,,No,,,,,,
R419,TRUE,FALSE,,No,,,,,,
R420,TRUE,FALSE,,No,,,,,,
R421,TRUE,FALSE,,No,,,,,,
R422,TRUE,FALSE,,No,,,,,,
R423,TRUE,FALSE,,No,,,,,,
R424,FALSE,FALSE,,Yes,,,,,,
R425,TRUE,FALSE,,No,,,,,,
R426,TRUE,FALSE,,No,,,,,,
R427,TRUE,FALSE,,No,,,,,,
R428,TRUE,FALSE,,No,,,,,,
R429,FALSE,TRUE,,No,,,,,,
R430,TRUE,FALSE,,No,,,,,,
R431,TRUE,FALSE,,No,,,,,,
R432,TRUE,FALSE,,No,,,,,,
R433,FALSE,FALSE,,Yes,,,,,,
R434,TRUE,TRUE,,Yes,,,,,,
R435,TRUE,FALSE,,No,,,,,,
R436,FALSE,FALSE,,Yes,,,,,,
R437,TRUE,FALSE,,No,,,,,,
R438,TRUE,FALSE,,No,,,,,,
R439,FALSE,FALSE,,Yes,,,,,,
R440,TRUE,FALSE,,No,,,,,,
R441,FALSE,FALSE,,Yes,,,,,,
R442,TRUE,FALSE,,No,,,,,,
R443,TRUE,TRUE,,Yes,,,,,,
R444,FALSE,TRUE,,No,,,,,,
R445,TRUE,FALSE,,No,,,,,,
R446,FALSE,FALSE,,Yes,,,,,,
R447,TRUE,FALSE,,No,,,,,,
R448,TRUE,TRUE,,Yes,,,,,,
R449,TRUE,FALSE,,No,,,,,,
R450,FALSE,FALSE,,Yes,,,,,,
R451,TRUE,FALSE,,No,,,,,,
R452,TRUE,FALSE,,No,,,,,,
R453,TRUE,FALSE,,No,,,,,,
R454,TRUE,FALSE,,No,,,,,,
R455,TRUE,FALSE,,No,,,,,,
R456,TRUE,FALSE,,No,,,,,,
R457,FALSE,FALSE,,Yes,,,,,,
R458,FALSE,FALSE,,Yes,,,,,,
R459,TRUE,FALSE,,No,,,,,,
R460,FALSE,FALSE,,Yes,,,,,,
R461,TRUE,FALSE,,No,,,,,,
R462,FALSE,FALSE,,Yes,,,,,,
R463,TRUE,FALSE,,No,,,,,,
R464,TRUE,TRUE,,Yes,,,,,,
R465,TRUE,FALSE,,No,,,,,,
R466,TRUE,FALSE,,No,,,,,,
R467,TRUE,FALSE,,No,,,,,,
R468,TRUE,FALSE,,No,,,,,,
R469,TRUE,FALSE,,No,,,,,,
R470,FALSE,TRUE,,No,,,,,,
R471,TRUE,FALSE,,No,,,,,,
R472,TRUE,FALSE,,No,,,,,,
R473,TRUE,FALSE,,No,,,,,,
R474,TRUE,FALSE,,No,,,,,,
R475,FALSE,FALSE,,Yes,,,,,,
R476,TRUE,FALSE,,No,,,,,,
R477,TRUE,FALSE,,No,,,,,,
R478,TRUE,FALSE,,No,,,,,,
R479,FALSE,FALSE,,Yes,,,,,,
R480,TRUE,FALSE,,No,,,,,,
R481,TRUE,FALSE,,No,,,,,,
R482,TRUE,FALSE,,No,,,,,,
R483,TRUE,TRUE,,Yes,,,,,,
R484,FALSE,FALSE,,Yes,,,,,,
R485,TRUE,TRUE,,Yes,,,,,,
R486,TRUE,FALSE,,No,,,,,,
R487,FALSE,FALSE,,Yes,,,,,,
R488,TRUE,FALSE,,No,,,,,,
R489,FALSE,TRUE,,No,,,,,,
R490,FALSE,FALSE,,Yes,,,,,,
R491,FALSE,FALSE,,Yes,,,,,,
R492,FALSE,FALSE,,Yes,,,,,,
R493,TRUE,FALSE,,No,,,,,,
R494,TRUE,FALSE,,No,,,,,,
R495,TRUE,FALSE,,No,,,,,,
R496,TRUE,FALSE,,No,,,,,,
R497,TRUE,FALSE,,No,,,,,,
R498,TRUE,FALSE,,No,,,,,,
R499,FALSE,TRUE,,No,,,,,,
R500,FALSE,FALSE,,Yes,,,,,,
R501,FALSE,FALSE,,Yes,,,,,,
R502,TRUE,FALSE,,No,,,,,,
R503,TRUE,FALSE,,No,,,,,,
R504,TRUE,FALSE,,No,,,,,,
R505,TRUE,FALSE,,No,,,,,,
R506,TRUE,FALSE,,No,,,,,,
R507,FALSE,FALSE,,Yes,,,,,,
R508,TRUE,FALSE,,No,,,,,,
R509,FALSE,FALSE,,Yes,,,,,,
R510,FALSE,FALSE,,Yes,,,,,,
R511,TRUE,FALSE,,No,,,,,,
R512,TRUE,FALSE,,No,,,,,,
R513,TRUE,FALSE,,No,,,,,,
R514,TRUE,FALSE,,No,,,,,,
R515,FALSE,FALSE,,Yes,,,,,,
R516,TRUE,FALSE,,No,,,,,,
R517,TRUE,FALSE,,No,,,,,,
R518,TRUE,FALSE,,No,,,,,,
R519,TRUE,FALSE,,No,,,,,,
R520,TRUE,FALSE,,No,,,,,,
R521,TRUE,FALSE,,No,,,,,,
R522,TRUE,FALSE,,No,,,,,,
R523,TRUE,FALSE,,No,,,,,,
R524,FALSE,FALSE,,Yes,,,,,,
R525,FALSE,FALSE,,Yes,,,,,,
R526,TRUE,TRUE,,Yes,,,,,,
R527,FALSE,TRUE,,No,,,,,,
R528,TRUE,FALSE,,No,,,,,,
R529,FALSE,FALSE,,Yes,,,,,,
R530,FALSE,TRUE,,No,,,,,,
R531,FALSE,FALSE,,Yes,,,,,,
R532,TRUE,FALSE,,No,,,,,,
R533,TRUE,FALSE,,No,,,,,,
R534,TRUE,FALSE,,No,,,,,,
R535,TRUE,FALSE,,No,,,,,,
R536,FALSE,FALSE,,Yes,,,,,,
R537,TRUE,FALSE,,No,,,,,,
R538,TRUE,FALSE,,No,,,,,,
R539,TRUE,FALSE,,No,,,,,,
R540,TRUE,FALSE,,No,,,,,,
R541,TRUE,FALSE,,No,,,,,,
R542,TRUE,FALSE,,No,,,,,,
R543,TRUE,FALSE,,No,,,,,,
R544,TRUE,FALSE,,No,,,,,,
R545,TRUE,FALSE,,No,,,,,,
R546,TRUE,FALSE,,No,,,,,,
R547,TRUE,FALSE,,No,,,,,,
R548,TRUE,FALSE,,No,,,,,,
R549,FALSE,FALSE,,Yes,,,,,,
R550,TRUE,FALSE,,No,,,,,,
R551,FALSE,TRUE,,No,,,,,,
R552,TRUE,FALSE,,No,,,,,,
R553,TRUE,FALSE,,No,,,,,,
R554,TRUE,FALSE,,No,,,,,,
R555,TRUE,FALSE,,No,,,,,,
R556,FALSE,FALSE,,Yes,,,,,,
R557,TRUE,TRUE,,Yes,,,,,,
R558,TRUE,FALSE,,No,,,,,,
R559,FALSE,TRUE,,No,,,,,,
R560,TRUE,FALSE,,No,,,,,,
R561,TRUE,FALSE,,No,,,,,,
R562,FALSE,FALSE,,Yes,,,,,,
R563,TRUE,FALSE,,No,,,,,,
R564,TRUE,FALSE,,No,,,,,,
R565,TRUE,FALSE,,No,,,,,,
R566,FALSE,FALSE,,Yes,,,,,,
R567,FALSE,TRUE,,No,,,,,,
R568,FALSE,FALSE,,Yes,,,,,,
R569,TRUE,FALSE,,No,,,,,,
R570,TRUE,FALSE,,No,,,,,,
R571,FALSE,FALSE,,Yes,,,,,,
R572,TRUE,FALSE,,No,,,,,,
R573,TRUE,FALSE,,No,,,,,,
R574,TRUE,FALSE,,No,,,,,,
R575,TRUE,TRUE,,Yes,,,,,,
R576,FALSE,FALSE,,Yes,,,,,,
R577,TRUE,FALSE,,No,,,,,,
R578,TRUE,TRUE,,Yes,,,,,,
R579,TRUE,FALSE,,No,,,,,,
R580,FALSE,FALSE,,Yes,,,,,,
R581,TRUE,FALSE,,No,,,,,,
R582,TRUE,FALSE,,No,,,,,,
R583,TRUE,FALSE,,No,,,,,,
R584,TRUE,FALSE,,No,,,,,,
R585,FALSE,FALSE,,Yes,,,,,,
R586,FALSE,FALSE,,Yes,,,,,,
R587,TRUE,FALSE,,No,,,,,,
R588,TRUE,FALSE,,No,,,,,,
R589,TRUE,FALSE,,No,,,,,,
R590,TRUE,FALSE,,No,,,,,,
R591,TRUE,FALSE,,No,,,,,,
R592,TRUE,FALSE,,No,,,,,,
R593,TRUE,FALSE,,No,,,,,,
R594,FALSE,FALSE,,Yes,,,,,,
R595,FALSE,FALSE,,Yes,,,,,,
R596,TRUE,FALSE,,No,,,,,,
R597,TRUE,TRUE,,Yes,,,,,,
R598,TRUE,FALSE,,No,,,,,,
R599,TRUE,FALSE,,No,,,,,,
R600,TRUE,FALSE,,No,,,,,,
R601,TRUE,TRUE,,Yes,,,,,,
R602,TRUE,TRUE,,Yes,,,,,,
R603,TRUE,FALSE,,No,,,,,,
R604,FALSE,FALSE,,Yes,,,,,,
R605,TRUE,FALSE,,No,,,,,,
R606,FALSE,TRUE,,No,,,,,,
R608,FALSE,TRUE,,No,,,,,,
R609,FALSE,FALSE,,Yes,,,,,,
R610,TRUE,FALSE,,No,,,,,,
R611,FALSE,FALSE,,Yes,,,,,,
R612,FALSE,FALSE,,Yes,,,,,,
R613,TRUE,TRUE,,Yes,,,,,,
R614,TRUE,FALSE,,No,,,,,,
R615,TRUE,FALSE,,No,,,,,,
R616,TRUE,FALSE,,No,,,,,,
R617,TRUE,FALSE,,No,,,,,,
R618,TRUE,FALSE,,No,,,,,,
R619,TRUE,FALSE,,No,,,,,,
R620,TRUE,FALSE,,No,,,,,,
R621,FALSE,TRUE,,No,,,,,,
R622,TRUE,TRUE,,Yes,,,,,,
R623,TRUE,FALSE,,No,,,,,,
R624,FALSE,FALSE,,Yes,,,,,,
R625,TRUE,TRUE,,Yes,,,,,,
R626,TRUE,FALSE,,No,,,,,,
R627,FALSE,FALSE,,Yes,,,,,,
R628,FALSE,FALSE,,Yes,,,,,,
R629,FALSE,TRUE,,No,,,,,,
R630,TRUE,FALSE,,No,,,,,,
R631,TRUE,TRUE,,Yes,,,,,,
R632,FALSE,FALSE,,Yes,,,,,,
R633,TRUE,FALSE,,No,,,,,,
R634,TRUE,FALSE,,No,,,,,,
R635,FALSE,FALSE,,Yes,,,,,,
R636,TRUE,FALSE,,No,,,,,,
R637,TRUE,FALSE,,No,,,,,,
R638,TRUE,FALSE,,No,,,,,,
R639,TRUE,FALSE,,No,,,,,,
R640,TRUE,FALSE,,No,,,,,,
R641,FALSE,FALSE,,Yes,,,,,,
R642,FALSE,FALSE,,Yes,,,,,,
R643,TRUE,FALSE,,No,,,,,,
R644,TRUE,FALSE,,No,,,,,,
R645,TRUE,FALSE,,No,,,,,,
R646,TRUE,FALSE,,No,,,,,,
R647,TRUE,FALSE,,No,,,,,,
R648,TRUE,FALSE,,No,,,,,,
R649,TRUE,FALSE,,No,,,,,,
R650,FALSE,FALSE,,Yes,,,,,,
R651,FALSE,FALSE,,Yes,,,,,,
R652,TRUE,FALSE,,No,,,,,,
R653,TRUE,FALSE,,No,,,,,,
R654,TRUE,FALSE,,No,,,,,,
R655,FALSE,FALSE,,Yes,,,,,,
R656,TRUE,TRUE,,Yes,,,,,,
R657,TRUE,FALSE,,No,,,,,,
R658,FALSE,TRUE,,No,,,,,,
R659,TRUE,TRUE,,Yes,,,,,,
R660,FALSE,FALSE,,Yes,,,,,,
R661,FALSE,FALSE,,Yes,,,,,,
R662,TRUE,FALSE,,No,,,,,,
R663,TRUE,FALSE,,No,,,,,,
R664,TRUE,FALSE,,No,,,,,,
R665,FALSE,TRUE,,No,,,,,,
R666,TRUE,FALSE,,No,,,,,,
R667,TRUE,FALSE,,No,,,,,,
R668,TRUE,FALSE,,No,,,,,,
R669,FALSE,FALSE,,Yes,,,,,,
R670,FALSE,FALSE,,Yes,,,,,,
R671,TRUE,FALSE,,No,,,,,,
R672,FALSE,FALSE,,Yes,,,,,,
R673,TRUE,FALSE,,No,,,,,,
R674,FALSE,TRUE,,No,,,,,,
R675,FALSE,FALSE,,Yes,,,,,,
R676,FALSE,FALSE,,Yes,,,,,,
R678,TRUE,FALSE,,No,,,,,,
R679,FALSE,FALSE,,Yes,,,,,,
R680,FALSE,TRUE,,No,,,,,,
R681,TRUE,FALSE,,No,,,,,,
R682,TRUE,FALSE,,No,,,,,,
R683,TRUE,FALSE,,No,,,,,,
R684,FALSE,FALSE,,Yes,,,,,,
R685,FALSE,FALSE,,Yes,,,,,,
R686,TRUE,FALSE,,No,,,,,,
R687,TRUE,TRUE,,Yes,,,,,,
R688,FALSE,FALSE,,Yes,,,,,,
R689,FALSE,FALSE,,Yes,,,,,,
R690,TRUE,FALSE,,No,,,,,,
R691,TRUE,FALSE,,No,,,,,,
R692,TRUE,FALSE,,No,,,,,,
R693,TRUE,TRUE,,Yes,,,,,,
R694,FALSE,FALSE,,Yes,,,,,,
R695,TRUE,FALSE,,No,,,,,,
R696,TRUE,FALSE,,No,,,,,,
R697,TRUE,FALSE,,No,,,,,,
R698,FALSE,FALSE,,Yes,,,,,,
R699,TRUE,FALSE,,No,,,,,,
R700,FALSE,TRUE,,No,,,,,,
R701,TRUE,FALSE,,No,,,,,,
R702,TRUE,FALSE,,No,,,,,,
R703,TRUE,FALSE,,No,,,,,,
R704,TRUE,FALSE,,No,,,,,,
R705,FALSE,FALSE,,Yes,,,,,,
R706,TRUE,FALSE,,No,,,,,,
R707,FALSE,TRUE,,No,,,,,,
R708,TRUE,FALSE,,No,,,,,,
R709,TRUE,FALSE,,No,,,,,,
R710,TRUE,TRUE,,Yes,,,,,,
R711,FALSE,FALSE,,Yes,,,,,,
R712,TRUE,FALSE,,No,,,,,,
R713,FALSE,FALSE,,Yes,,,,,,
R714,TRUE,FALSE,,No,,,,,,
R715,TRUE,FALSE,,No,,,,,,
R716,TRUE,FALSE,,No,,,,,,
R717,FALSE,FALSE,,Yes,,,,,,
R718,FALSE,FALSE,,Yes,,,,,,
R719,FALSE,FALSE,,Yes,,,,,,
R720,FALSE,FALSE,,Yes,,,,,,
R721,TRUE,TRUE,,Yes,,,,,,
R722,FALSE,FALSE,,Yes,,,,,,
R723,TRUE,FALSE,,No,,,,,,
R724,TRUE,FALSE,,No,,,,,,
R725,TRUE,FALSE,,No,,,,,,
R726,TRUE,FALSE,,No,,,,,,
R727,TRUE,FALSE,,No,,,,,,
R728,TRUE,TRUE,,Yes,,,,,,
R729,TRUE,TRUE,,Yes,,,,,,
R730,TRUE,FALSE,,No,,,,,,
R731,TRUE,FALSE,,No,,,,,,
R732,FALSE,FALSE,,Yes,,,,,,
R733,TRUE,FALSE,,No,,,,,,
R734,TRUE,FALSE,,No,,,,,,
R735,TRUE,FALSE,,No,,,,,,
R736,TRUE,FALSE,,No,,,,,,
R737,TRUE,FALSE,,No,,,,,,
R738,FALSE,FALSE,,Yes,,,,,,
R739,TRUE,FALSE,,No,,,,,,
R740,TRUE,TRUE,,Yes,,,,,,
R741,TRUE,FALSE,,No,,,,,,
R742,TRUE,FALSE,,No,,,,,,
R743,TRUE,FALSE,,No,,,,,,
R744,FALSE,FALSE,,Yes,,,,,,
R745,FALSE,FALSE,,Yes,,,,,,
R746,TRUE,FALSE,,No,,,,,,
R747,TRUE,FALSE,,No,,,,,,
R748,TRUE,FALSE,,No,,,,,,
R749,TRUE,FALSE,,No,,,,,,
R750,TRUE,FALSE,,No,,,,,,
R751,TRUE,FALSE,,No,,,,,,
R752,TRUE,FALSE,,No,,,,,,
R753,TRUE,FALSE,,No,,,,,,
R754,FALSE,FALSE,,Yes,,,,,,
R755,TRUE,FALSE,,No,,,,,,
R756,TRUE,FALSE,,No,,,,,,
R757,TRUE,FALSE,,No,,,,,,
R758,FALSE,TRUE,,No,,,,,,
R759,TRUE,FALSE,,No,,,,,,
R760,TRUE,TRUE,,Yes,,,,,,
R761,TRUE,FALSE,,No,,,,,,
R762,TRUE,FALSE,,No,,,,,,
R763,FALSE,FALSE,,Yes,,,,,,
R764,TRUE,FALSE,,No,,,,,,
R765,FALSE,TRUE,,No,,,,,,
R766,TRUE,FALSE,,No,,,,,,
R767,TRUE,TRUE,,Yes,,,,,,
R768,TRUE,FALSE,,No,,,,,,
R769,FALSE,FALSE,,Yes,,,,,,
R770,TRUE,FALSE,,No,,,,,,
R771,TRUE,TRUE,,Yes,,,,,,
R772,TRUE,FALSE,,No,,,,,,
R773,FALSE,FALSE,,Yes,,,,,,
R774,TRUE,FALSE,,No,,,,,,
R775,TRUE,FALSE,,No,,,,,,
R776,TRUE,FALSE,,No,,,,,,
R777,TRUE,FALSE,,No,,,,,,
R778,FALSE,FALSE,,Yes,,,,,,
R779,TRUE,FALSE,,No,,,,,,
R780,TRUE,FALSE,,No,,,,,,
R781,TRUE,FALSE,,No,,,,,,
R782,TRUE,FALSE,,No,,,,,,
R783,TRUE,FALSE,,No,,,,,,
R784,FALSE,FALSE,,Yes,,,,,,
R785,TRUE,FALSE,,No,,,,,,
R786,TRUE,FALSE,,No,,,,,,
R787,TRUE,TRUE,,Yes,,,,,,
R788,TRUE,FALSE,,No,,,,,,
R789,TRUE,FALSE,,No,,,,,,
R790,TRUE,FALSE,,No,,,,,,
R791,FALSE,FALSE,,Yes,,,,,,
R792,TRUE,TRUE,,Yes,,,,,,
R793,FALSE,FALSE,,Yes,,,,,,
R794,TRUE,FALSE,,No,,,,,,
R795,TRUE,FALSE,,No,,,,,,
R796,FALSE,FALSE,,Yes,,,,,,
R797,TRUE,FALSE,,No,,,,,,
R798,FALSE,FALSE,,Yes,,,,,,
R799,TRUE,FALSE,,No,,,,,,
R800,TRUE,TRUE,,Yes,,,,,,
R801,TRUE,TRUE,,Yes,,,,,,
R802,TRUE,FALSE,,No,,,,,,
R803,TRUE,FALSE,,No,,,,,,
R804,FALSE,FALSE,,Yes,,,,,,
R805,FALSE,FALSE,,Yes,,,,,,
R806,FALSE,FALSE,,Yes,,,,,,
R807,TRUE,FALSE,,No,,,,,,
R808,TRUE,FALSE,,No,,,,,,
R809,TRUE,FALSE,,No,,,,,,
R810,TRUE,FALSE,,No,,,,,,
R811,TRUE,FALSE,,No,,,,,,
R812,FALSE,TRUE,,No,,,,,,
R813,TRUE,FALSE,,No,,,,,,
R814,TRUE,FALSE,,No,,,,,,
R815,TRUE,FALSE,,No,,,,,,
R816,TRUE,FALSE,,No,,,,,,
R817,TRUE,TRUE,,Yes,,,,,,
R818,TRUE,FALSE,,No,,,,,,
R819,FALSE,FALSE,,Yes,,,,,,
R820,TRUE,FALSE,,No,,,,,,
R821,TRUE,FALSE,,No,,,,,,
R822,FALSE,FALSE,,Yes,,,,,,
R823,FALSE,FALSE,,Yes,,,,,,
R824,FALSE,FALSE,,Yes,,,,,,
R825,FALSE,FALSE,,Yes,,,,,,
R826,FALSE,TRUE,,No,,,,,,
R827,TRUE,FALSE,,No,,,,,,
R828,TRUE,FALSE,,No,,,,,,
R829,FALSE,TRUE,,No,,,,,,
R830,FALSE,TRUE,,No,,,,,,
R831,FALSE,FALSE,,Yes,,,,,,
R832,TRUE,FALSE,,No,,,,,,
R833,FALSE,FALSE,,Yes,,,,,,
R834,TRUE,FALSE,,No,,,,,,
R835,TRUE,FALSE,,No,,,,,,
R836,FALSE,FALSE,,Yes,,,,,,
R837,TRUE,TRUE,,Yes,,,,,,
R838,FALSE,FALSE,,Yes,,,,,,
R839,FALSE,FALSE,,Yes,,,,,,
R840,TRUE,FALSE,,No,,,,,,
R841,TRUE,FALSE,,No,,,,,,
R842,FALSE,FALSE,,Yes,,,,,,
R843,TRUE,FALSE,,No,,,,,,
R844,TRUE,FALSE,,No,,,,,,
R845,TRUE,FALSE,,No,,,,,,
R846,TRUE,FALSE,,No,,,,,,
R847,TRUE,FALSE,,No,,,,,,
R848,TRUE,FALSE,,No,,,,,,
R849,TRUE,FALSE,,No,,,,,,
R850,TRUE,FALSE,,No,,,,,,
R851,FALSE,FALSE,,Yes,,,,,,
R852,TRUE,FALSE,,No,,,,,,
R853,FALSE,TRUE,,No,,,,,,
R854,TRUE,FALSE,,No,,,,,,
R855,TRUE,FALSE,,No,,,,,,
R856,TRUE,FALSE,,No,,,,,,
R857,FALSE,FALSE,,Yes,,,,,,
R858,TRUE,FALSE,,No,,,,,,
R859,FALSE,FALSE,,Yes,,,,,,
R860,TRUE,FALSE,,No,,,,,,
R861,TRUE,FALSE,,No,,,,,,
R862,TRUE,FALSE,,No,,,,,,
R863,TRUE,FALSE,,No,,,,,,
R864,TRUE,FALSE,,No,,,,,,
R865,TRUE,TRUE,,Yes,,,,,,
R866,FALSE,FALSE,,Yes,,,,,,
R867,TRUE,FALSE,,No,,,,,,
R868,FALSE,FALSE,,Yes,,,,,,
R869,TRUE,FALSE,,No,,,,,,
R870,TRUE,FALSE,,No,,,,,,
R871,TRUE,FALSE,,No,,,,,,
R872,FALSE,TRUE,,No,,,,,,
R873,TRUE,FALSE,,No,,,,,,
R874,FALSE,FALSE,,Yes,,,,,,
R875,TRUE,FALSE,,No,,,,,,
R876,TRUE,FALSE,,No,,,,,,
R877,TRUE,FALSE,,No,,,,,,
R878,TRUE,TRUE,,Yes,,,,,,
R879,TRUE,FALSE,,No,,,,,,
R880,FALSE,FALSE,,Yes,,,,,,
R881,FALSE,FALSE,,Yes,,,,,,
R882,TRUE,FALSE,,No,,,,,,
R883,TRUE,FALSE,,No,,,,,,
R884,FALSE,FALSE,,Yes,,,,,,
R885,TRUE,FALSE,,No,,,,,,
R886,FALSE,FALSE,,Yes,,,,,,
R887,TRUE,FALSE,,No,,,,,,
R888,TRUE,FALSE,,No,,,,,,
R889,FALSE,FALSE,,Yes,,,,,,
R890,FALSE,TRUE,,No,,,,,,
R891,FALSE,TRUE,,No,,,,,,
R892,TRUE,FALSE,,No,,,,,,
R893,TRUE,FALSE,,No,,,,,,
R894,TRUE,FALSE,,No,,,,,,
R895,TRUE,TRUE,,Yes,,,,,,
R896,TRUE,FALSE,,No,,,,,,
R897,FALSE,FALSE,,Yes,,,,,,
R898,TRUE,FALSE,,No,,,,,,
R899,FALSE,FALSE,,Yes,,,,,,
R900,TRUE,FALSE,,No,,,,,,
R901,TRUE,FALSE,,No,,,,,,
R902,TRUE,FALSE,,No,,,,,,
R903,TRUE,FALSE,,No,,,,,,
R904,TRUE,TRUE,,Yes,,,,,,
R905,FALSE,FALSE,,Yes,,,,,,
R906,FALSE,FALSE,,Yes,,,,,,
R907,TRUE,TRUE,,Yes,,,,,,
R908,FALSE,FALSE,,Yes,,,,,,
R909,TRUE,FALSE,,No,,,,,,
R910,TRUE,FALSE,,No,,,,,,
R911,TRUE,FALSE,,No,,,,,,
R912,FALSE,FALSE,,Yes,,,,,,
R913,TRUE,FALSE,,No,,,,,,
R914,TRUE,FALSE,,No,,,,,,
R915,TRUE,FALSE,,No,,,,,,
R916,TRUE,FALSE,,No,,,,,,
R917,TRUE,FALSE,,No,,,,,,
R918,TRUE,FALSE,,No,,,,,,
R919,TRUE,FALSE,,No,,,,,,
R920,FALSE,FALSE,,Yes,,,,,,
R921,TRUE,FALSE,,No,,,,,,
R922,TRUE,FALSE,,No,,,,,,
R923,TRUE,FALSE,,No,,,,,,
R924,TRUE,FALSE,,No,,,,,,
R925,TRUE,FALSE,,No,,,,,,
R926,FALSE,FALSE,,Yes,,,,,,
R927,TRUE,FALSE,,No,,,,,,
R928,TRUE,FALSE,,No,,,,,,
R929,TRUE,FALSE,,No,,,,,,
R930,TRUE,FALSE,,No,,,,,,
R931,TRUE,FALSE,,No,,,,,,
R932,TRUE,FALSE,,No,,,,,,
R933,FALSE,FALSE,,Yes,,,,,,
R934,TRUE,TRUE,,Yes,,,,,,
R935,TRUE,FALSE,,No,,,,,,
R936,TRUE,FALSE,,No,,,,,,
R937,TRUE,TRUE,,Yes,,,,,,
R938,TRUE,TRUE,,Yes,,,,,,
R939,TRUE,FALSE,,No,,,,,,
R940,TRUE,FALSE,,No,,,,,,
R941,TRUE,FALSE,,No,,,,,,
R942,TRUE,FALSE,,No,,,,,,
R943,TRUE,FALSE,,No,,,,,,
R944,TRUE,FALSE,,No,,,,,,
R945,TRUE,FALSE,,No,,,,,,
R946,TRUE,FALSE,,No,,,,,,
R947,TRUE,TRUE,,Yes,,,,,,
R948,TRUE,FALSE,,No,,,,,,
R949,TRUE,FALSE,,No,,,,,,
R950,FALSE,TRUE,,No,,,,,,
R951,TRUE,FALSE,,No,,,,,,
R952,TRUE,FALSE,,No,,,,,,
R953,TRUE,FALSE,,No,,,,,,
R954,TRUE,FALSE,,No,,,,,,
R955,TRUE,FALSE,,No,,,,,,
R956,TRUE,FALSE,,No,,,,,,
R957,TRUE,FALSE,,No,,,,,,
R958,TRUE,FALSE,,No,,,,,,
R959,TRUE,FALSE,,No,,,,,,
R960,TRUE,FALSE,,No,,,,,,
R961,TRUE,FALSE,,No,,,,,,
R962,TRUE,FALSE,,No,,,,,,
R963,FALSE,TRUE,,No,,,,,,
R964,FALSE,FALSE,,Yes,,,,,,
R965,FALSE,FALSE,,Yes,,,,,,
R966,TRUE,FALSE,,No,,,,,,
R967,TRUE,FALSE,,No,,,,,,
R968,TRUE,FALSE,,No,,,,,,
R969,FALSE,FALSE,,Yes,,,,,,
R970,FALSE,TRUE,,No,,,,,,
R971,FALSE,TRUE,,No,,,,,,
R972,TRUE,FALSE,,No,,,,,,
R973,TRUE,FALSE,,No,,,,,,
R974,FALSE,TRUE,,No,,,,,,
R975,FALSE,FALSE,,Yes,,,,,,
R976,TRUE,FALSE,,No,,,,,,
R977,FALSE,FALSE,,Yes,,,,,,
R978,FALSE,FALSE,,Yes,,,,,,
R979,TRUE,FALSE,,No,,,,,,
R980,FALSE,FALSE,,Yes,,,,,,
R981,TRUE,FALSE,,No,,,,,,
R982,TRUE,FALSE,,No,,,,,,
R983,TRUE,FALSE,,No,,,,,,
R984,FALSE,FALSE,,Yes,,,,,,
R985,FALSE,FALSE,,Yes,,,,,,
R986,FALSE,FALSE,,Yes,,,,,,
R987,TRUE,FALSE,,No,,,,,,
R988,FALSE,FALSE,,Yes,,,,,,
R989,TRUE,FALSE,,No,,,,,,
R990,TRUE,FALSE,,No,,,,,,
R991,TRUE,FALSE,,No,,,,,,
R992,TRUE,TRUE,,Yes,,,,,,
R993,TRUE,FALSE,,No,,,,,,
R994,FALSE,FALSE,,Yes,,,,,,
R995,TRUE,TRUE,,Yes,,,,,,
R996,TRUE,FALSE,,No,,,,,,
R997,TRUE,FALSE,,No,,,,,,
R998,TRUE,TRUE,,Yes,,,,,,
R999,TRUE,FALSE,,No,,,,,,
R1000,TRUE,FALSE,,No,,,,,,
R1001,TRUE,FALSE,,No,,,,,,
R1002,TRUE,FALSE,,No,,,,,,
R1004,TRUE,FALSE,,No,,,,,,
R1005,TRUE,FALSE,,No,,,,,,
R1006,TRUE,FALSE,,No,,,,,,
R1007,FALSE,FALSE,,Yes,,,,,,
R1008,TRUE,FALSE,,No,,,,,,
R1009,FALSE,TRUE,,No,,,,,,
R1010,TRUE,FALSE,,No,,,,,,
R1011,TRUE,FALSE,,No,,,,,,
R1012,TRUE,TRUE,,Yes,,,,,,
R1013,FALSE,FALSE,,Yes,,,,,,
R1014,FALSE,FALSE,,Yes,,,,,,
R1015,TRUE,FALSE,,No,,,,,,
R1016,FALSE,FALSE,,Yes,,,,,,
R1017,TRUE,FALSE,,No,,,,,,
R1018,TRUE,FALSE,,No,,,,,,
R1019,TRUE,FALSE,,No,,,,,,
R1020,TRUE,TRUE,,Yes,,,,,,
R1021,TRUE,FALSE,,No,,,,,,
R1022,TRUE,FALSE,,No,,,,,,
R1023,TRUE,TRUE,,Yes,,,,,,
R1024,TRUE,FALSE,,No,,,,,,
R1025,TRUE,FALSE,,No,,,,,,
R1026,TRUE,FALSE,,No,,,,,,
R1027,FALSE,FALSE,,Yes,,,,,,
R1028,TRUE,TRUE,,Yes,,,,,,
R1029,TRUE,FALSE,,No,,,,,,
R1030,TRUE,FALSE,,No,,,,,,
R1031,FALSE,FALSE,,Yes,,,,,,
R1032,TRUE,FALSE,,No,,,,,,
R1033,TRUE,FALSE,,No,,,,,,
R1034,TRUE,FALSE,,No,,,,,,
R1035,TRUE,TRUE,,Yes,,,,,,
R1036,TRUE,FALSE,,No,,,,,,
R1037,TRUE,FALSE,,No,,,,,,
R1038,TRUE,FALSE,,No,,,,,,
R1040,TRUE,FALSE,,No,,,,,,
R1041,FALSE,TRUE,,No,,,,,,
R1042,FALSE,FALSE,,Yes,,,,,,
R1043,FALSE,FALSE,,Yes,,,,,,
R1044,TRUE,FALSE,,No,,,,,,
R1045,FALSE,FALSE,,Yes,,,,,,
R1046,TRUE,FALSE,,No,,,,,,
R1047,TRUE,TRUE,,Yes,,,,,,
R1048,FALSE,FALSE,,Yes,,,,,,
R1049,TRUE,FALSE,,No,,,,,,
R1050,TRUE,FALSE,,No,,,,,,
R1051,FALSE,TRUE,,No,,,,,,
R1052,TRUE,FALSE,,No,,,,,,
R1053,FALSE,FALSE,,Yes,,,,,,
R1054,TRUE,FALSE,,No,,,,,,
R1055,TRUE,FALSE,,No,,,,,,
R1056,TRUE,FALSE,,No,,,,,,
R1057,TRUE,FALSE,,No,,,,,,
R1058,TRUE,FALSE,,No,,,,,,
R1059,FALSE,FALSE,,Yes,,,,,,
R1060,TRUE,TRUE,,Yes,,,,,,
R1061,TRUE,FALSE,,No,,,,,,
R1062,FALSE,FALSE,,Yes,,,,,,
R1063,TRUE,FALSE,,No,,,,,,
R1064,TRUE,FALSE,,No,,,,,,
R1065,FALSE,FALSE,,Yes,,,,,,
R1066,FALSE,FALSE,,Yes,,,,,,
R1067,FALSE,FALSE,,Yes,,,,,,
R1068,TRUE,FALSE,,No,,,,,,
R1069,TRUE,FALSE,,No,,,,,,
R1070,FALSE,FALSE,,Yes,,,,,,
R1071,TRUE,FALSE,,No,,,,,,
R1072,FALSE,FALSE,,Yes,,,,,,
R1073,FALSE,FALSE,,Yes,,,,,,
R1074,TRUE,FALSE,,No,,,,,,
R1075,TRUE,FALSE,,No,,,,,,
R1076,TRUE,FALSE,,No,,,,,,
R1077,FALSE,FALSE,,Yes,,,,,,
R1078,TRUE,FALSE,,No,,,,,,
R1079,TRUE,FALSE,,No,,,,,,
R1080,TRUE,FALSE,,No,,,,,,
R1081,TRUE,FALSE,,No,,,,,,
R1082,FALSE,TRUE,,No,,,,,,
R1083,FALSE,FALSE,,Yes,,,,,,
R1084,TRUE,FALSE,,No,,,,,,
R1085,FALSE,FALSE,,Yes,,,,,,
R1087,TRUE,FALSE,,No,,,,,,
R1088,TRUE,FALSE,,No,,,,,,
R1089,TRUE,FALSE,,No,,,,,,
R1090,TRUE,FALSE,,No,,,,,,
R1091,TRUE,FALSE,,No,,,,,,
R1092,TRUE,FALSE,,No,,,,,,
R1093,FALSE,FALSE,,Yes,,,,,,
R1094,TRUE,FALSE,,No,,,,,,
R1095,FALSE,FALSE,,Yes,,,,,,
R1096,TRUE,FALSE,,No,,,,,,
R1097,TRUE,FALSE,,No,,,,,,
R1098,TRUE,FALSE,,No,,,,,,
R1099,FALSE,FALSE,,Yes,,,,,,
R1100,TRUE,FALSE,,No,,,,,,
R1101,TRUE,FALSE,,No,,,,,,
R1102,FALSE,FALSE,,Yes,,,,,,
R1103,FALSE,FALSE,,Yes,,,,,,
R1104,TRUE,FALSE,,No,,,,,,
R1105,TRUE,FALSE,,No,,,,,,
R1106,TRUE,FALSE,,No,,,,,,
R1107,FALSE,FALSE,,Yes,,,,,,
R1108,FALSE,FALSE,,Yes,,,,,,
R1109,TRUE,FALSE,,No,,,,,,
R1110,FALSE,FALSE,,Yes,,,,,,
R1111,TRUE,FALSE,,No,,,,,,
R1112,TRUE,FALSE,,No,,,,,,
R1113,TRUE,FALSE,,No,,,,,,
R1114,TRUE,FALSE,,No,,,,,,
R1115,TRUE,FALSE,,No,,,,,,
R1116,TRUE,FALSE,,No,,,,,,
R1117,TRUE,FALSE,,No,,,,,,
R1118,TRUE,FALSE,,No,,,,,,
R1119,TRUE,FALSE,,No,,,,,,
R1120,TRUE,FALSE,,No,,,,,,
R1121,TRUE,FALSE,,No,,,,,,
R1122,FALSE,FALSE,,Yes,,,,,,
R1123,TRUE,FALSE,,No,,,,,,
R1124,TRUE,FALSE,,No,,,,,,
R1125,TRUE,FALSE,,No,,,,,,
R1126,TRUE,TRUE,,Yes,,,,,,
R1127,TRUE,FALSE,,No,,,,,,
R1128,TRUE,FALSE,,No,,,,,,
R1129,FALSE,FALSE,,Yes,,,,,,
R1130,FALSE,FALSE,,Yes,,,,,,
R1131,TRUE,FALSE,,No,,,,,,
R1132,TRUE,FALSE,,No,,,,,,
R1133,FALSE,FALSE,,Yes,,,,,,
R1134,TRUE,FALSE,,No,,,,,,
R1135,FALSE,FALSE,,Yes,,,,,,
R1136,FALSE,FALSE,,Yes,,,,,,
R1137,TRUE,FALSE,,No,,,,,,
R1138,TRUE,FALSE,,No,,,,,,
R1139,TRUE,FALSE,,No,,,,,,
R1140,TRUE,FALSE,,No,,,,,,
R1141,TRUE,FALSE,,No,,,,,,
R1142,TRUE,FALSE,,No,,,,,,
R1143,TRUE,FALSE,,No,,,,,,
R1144,TRUE,FALSE,,No,,,,,,
R1145,TRUE,FALSE,,No,,,,,,
R1146,FALSE,FALSE,,Yes,,,,,,
R1147,TRUE,FALSE,,No,,,,,,
R1148,TRUE,FALSE,,No,,,,,,
R1149,TRUE,FALSE,,No,,,,,,
R1150,TRUE,FALSE,,No,,,,,,
R1151,TRUE,TRUE,,Yes,,,,,,
R1152,TRUE,FALSE,,No,,,,,,
R1153,TRUE,FALSE,,No,,,,,,
R1154,TRUE,FALSE,,No,,,,,,
R1155,TRUE,FALSE,,No,,,,,,
R1156,TRUE,FALSE,,No,,,,,,
R1157,TRUE,FALSE,,No,,,,,,
R1158,FALSE,FALSE,,Yes,,,,,,
R1159,TRUE,FALSE,,No,,,,,,
R1160,TRUE,FALSE,,No,,,,,,
R1161,TRUE,FALSE,,No,,,,,,
R1162,TRUE,FALSE,,No,,,,,,
R1164,TRUE,FALSE,,No,,,,,,
R1165,TRUE,FALSE,,No,,,,,,
R1166,FALSE,FALSE,,Yes,,,,,,
R1167,TRUE,FALSE,,No,,,,,,
R1168,TRUE,FALSE,,No,,,,,,
R1169,TRUE,FALSE,,No,,,,,,
R1171,TRUE,FALSE,,No,,,,,,
R1172,TRUE,FALSE,,No,,,,,,
R1173,TRUE,FALSE,,No,,,,,,
R1174,TRUE,FALSE,,No,,,,,,
R1175,FALSE,FALSE,,Yes,,,,,,
R1176,TRUE,FALSE,,No,,,,,,
R1177,TRUE,FALSE,,No,,,,,,
R1178,TRUE,FALSE,,No,,,,,,
R1179,TRUE,FALSE,,No,,,,,,
R1180,TRUE,FALSE,,No,,,,,,
R1181,FALSE,FALSE,,Yes,,,,,,
R1182,TRUE,FALSE,,No,,,,,,
R1183,TRUE,FALSE,,No,,,,,,
R1184,TRUE,FALSE,,No,,,,,,
R1185,TRUE,FALSE,,No,,,,,,
R1186,TRUE,FALSE,,No,,,,,,
R1187,TRUE,FALSE,,No,,,,,,
R1188,TRUE,FALSE,,No,,,,,,
R1189,TRUE,FALSE,,No,,,,,,
R1190,FALSE,FALSE,,Yes,,,,,,
R1191,TRUE,FALSE,,No,,,,,,
R1192,TRUE,FALSE,,No,,,,,,
R1193,TRUE,FALSE,,No,,,,,,
R1194,TRUE,FALSE,,No,,,,,,
R1195,TRUE,FALSE,,No,,,,,,
